ad_gpu,vina_gpu,gnina_affinity_max,Canonical,Molecule ChEMBL ID,pChEMBL Value,Predict_ann,Proba_ann,Predict_ml,Proba_ml,Predict_GNN,Proba_gnn,Proba_3_model,Predict_3_model,AD,CNN_pose,Pred,Proba
8.44,9.1,7.36,CCC1=C(O)c2c(oc(-c3cn(C)c4ccccc34)cc2=O)C(CC)(CC)C1=O,CHEMBL1689515,,1.0,97.04,1.0,96.80852,0.0,0.45633334,64.76828481038412,2.0,In,0.89,1,0.7489157
8.61,8.8,7.83,CCn1cc(C(=O)Nc2ccccc2)c(=O)c2cc(F)c(N3CCNC(C)C3)c(F)c21,CHEMBL2380351,4.41,1.0,77.88,1.0,89.81467,1.0,90.237335,85.977333984375,3.0,In,0.9,1,0.667547
7.0,9.3,7.32,Cn1cc(C2=C(c3ccc(Cl)cc3Cl)C(=O)NC2=O)c2ccccc21,CHEMBL102714,,1.0,85.66,1.0,93.03304,1.0,51.856,76.84967936197917,3.0,In,0.85,1,0.65920776
9.07,8.8,7.32,Cc1cccc2c(=O)c3c(oc12)N1C[C@@H]2CCCN4CCC[C@@H]([C@H]24)[C@H]1CC3,CHEMBL4546000,4.13,0.0,1.24,1.0,82.59437,1.0,56.273335,46.702568766276045,2.0,In,0.85,1,0.6569923
7.91,9.1,7.4,C=C1N(C)c2ccc(S(=O)(=O)c3ccc4c(c3)C(C)(C)C(=C)N4C)cc2C1(C)C,CHEMBL2001660,,1.0,50.9,1.0,94.94479,0.0,47.09767,64.31415506998698,2.0,In,0.71,1,0.61961114
7.32,9.3,7.38,CN1c2ccccc2C(=O)NC12CCN(CCCC(=O)c1ccc(F)cc1)CC2.Cl,CHEMBL1982550,,1.0,92.75,1.0,53.70438,0.0,24.289331,56.914571126302086,2.0,In,0.5,1,0.5892984
7.8,8.5,7.32,O=C1NCC2(CCN(CCCC3(c4ccc(F)cc4)OCCO3)CC2)N1c1ccccc1,CHEMBL1970755,,0.0,29.7,1.0,87.61285,1.0,57.30599,58.20627950032552,2.0,In,0.89,1,0.58844966
9.16,8.2,6.47,CN1C(=O)N(c2ccccc2)C2(CCN(CC3COc4ccccc4O3)CC2)C1=O,CHEMBL1985013,,1.0,77.53,1.0,78.8387,0.0,46.549,67.63923177083333,2.0,In,0.65,1,0.50187606
